<?xml version="1.0" encoding="utf-8"?>
<doctrine-mapping xmlns="http://doctrine-project.org/schemas/orm/doctrine-mapping" xmlns:xsi="http://www.w3.org/2001/XMLSchema-instance" xsi:schemaLocation="http://doctrine-project.org/schemas/orm/doctrine-mapping http://doctrine-project.org/schemas/orm/doctrine-mapping.xsd">
  <entity name="Gcs\AdminBundle\Entity\AppleOutgoingIp" table="apple_outgoing_ip">
    <id name="id" type="integer" column="id">
      <generator strategy="IDENTITY"/>
    </id>
    <field name="ip" type="string" column="ip" length="100" nullable="true"/>
    <field name="usedStatus" type="integer" column="used_status" nullable="true"/>
    <field name="count" type="integer" column="count" nullable="true"/>
  </entity>
</doctrine-mapping>
