<?xml version="1.0" encoding="utf-8"?>
<doctrine-mapping xmlns="http://doctrine-project.org/schemas/orm/doctrine-mapping" xmlns:xsi="http://www.w3.org/2001/XMLSchema-instance" xsi:schemaLocation="http://doctrine-project.org/schemas/orm/doctrine-mapping http://doctrine-project.org/schemas/orm/doctrine-mapping.xsd">
    <mapped-superclass name="Gcs\AdminBundle\Entity\BaseUser">
    <indexes>
      <index name="groupid" columns="groupid"/>
      <index name="salesmanid" columns="salesmanid"/>
      <index name="createdby" columns="createdby"/>
      <index name="updatedby" columns="updatedby"/>
      <index name="type" columns="type"/>
      <index name="IDX_9E700E93F92F3E70" columns="country_id"/>
    </indexes>
    
    <field name="name" type="string" column="name" length="255" nullable="false"/>
    
    <field name="usernameCanonical" type="string" column="username_canonical" length="255" nullable="false"/>
    
    <field name="emailCanonical" type="string" column="email_canonical" length="255" nullable="false"/>
    
    
    <field name="lastLogin" type="datetime" column="last_login" nullable="true"/>
    <field name="locked" type="boolean" column="locked" nullable="false"/>
    <field name="expired" type="boolean" column="expired" nullable="false"/>
    <field name="expiresAt" type="datetime" column="expires_at" nullable="true"/>
    <field name="confirmationToken" type="string" column="confirmation_token" length="255" nullable="true"/>
    <field name="passwordRequestedAt" type="datetime" column="password_requested_at" nullable="true"/>
    
    <field name="credentialsExpired" type="boolean" column="credentials_expired" nullable="true"/>
    <field name="credentialsExpireAt" type="datetime" column="credentials_expire_at" nullable="true"/>
    <field name="firstname" type="string" column="firstname" length="255" nullable="true"/>
    <field name="lastname" type="string" column="lastname" length="255" nullable="true"/>
    <field name="address" type="string" column="address" length="255" nullable="true"/>
    <field name="phone" type="string" column="phone" length="255" nullable="true"/>
    <field name="createddate" type="datetime" column="createddate" nullable="true"/>
    <field name="updateddate" type="datetime" column="updateddate" nullable="true"/>
   
    <field name="comment" type="text" column="comment" nullable="true"/>
    <field name="delif" type="integer" column="delif" nullable="true"/>
    
    <field name="occupation" type="string" column="occupation" length="255" nullable="true"/>
    <field name="website" type="string" column="website" length="255" nullable="true"/>
    <field name="about" type="string" column="about" length="500" nullable="true"/>
    <field name="interest" type="string" column="interest" length="255" nullable="true"/>
    <field name="avatar" type="string" column="avatar" length="500" nullable="true"/>
    <field name="birthdate" type="datetime" column="birthdate" nullable="true"/>
    
    <field name="level" type="integer" column="level" nullable="false"/>
    
    <field name="city" type="string" column="city" length="255" nullable="true"/>
    <field name="companyName" type="string" column="company_name" length="255" nullable="true"/>
    <field name="salesman" type="string" column="salesman" length="255" nullable="true"/>
    <field name="status" type="boolean" column="status" nullable="true"/>
    <field name="plainPassword" type="string" column="plain_password" length="255" nullable="true"/>
    <field name="confirmationAt" type="datetime" column="confirmation_at" nullable="true"/>
    
    <many-to-one field="country" target-entity="GcsCountry">
      <join-columns>
        <join-column name="country_id" referenced-column-name="country_id"/>
      </join-columns>
    </many-to-one>
    
    <many-to-one field="type" target-entity="GcsUserType">
      <join-columns>
        <join-column name="type" referenced-column-name="id"/>
      </join-columns>
    </many-to-one>
    
    <many-to-one field="updatedby" target-entity="User">
      <join-columns>
        <join-column name="updatedby" referenced-column-name="id"/>
      </join-columns>
    </many-to-one>
    <many-to-one field="groupid" target-entity="Group">
      <join-columns>
        <join-column name="groupid" referenced-column-name="id"/>
      </join-columns>
    </many-to-one>
    <many-to-one field="createdby" target-entity="User">
      <join-columns>
        <join-column name="createdby" referenced-column-name="id"/>
      </join-columns>
    </many-to-one>
    <many-to-one field="salesmanid" target-entity="User">
      <join-columns>
        <join-column name="salesmanid" referenced-column-name="id"/>
      </join-columns>
    </many-to-one>
    
    <many-to-one field="parent" target-entity="User">
      <join-columns>
        <join-column name="parent_id" referenced-column-name="id"/>
      </join-columns>
    </many-to-one>
    
  </mapped-superclass>
</doctrine-mapping>
