<?xml version="1.0" encoding="utf-8"?>
<doctrine-mapping xmlns="http://doctrine-project.org/schemas/orm/doctrine-mapping" xmlns:xsi="http://www.w3.org/2001/XMLSchema-instance" xsi:schemaLocation="http://doctrine-project.org/schemas/orm/doctrine-mapping http://doctrine-project.org/schemas/orm/doctrine-mapping.xsd">
  <entity name="Gcs\AdminBundle\Entity\GcsBoardSn" table="gcs_board_sn">
    <indexes>
      <index name="created_by" columns="created_by"/>
    </indexes>
    <unique-constraints>
      <unique-constraint name="serial_number" columns="serial_number"/>
    </unique-constraints>
    <id name="id" type="integer" column="id">
      <generator strategy="IDENTITY"/>
    </id>
    <field name="serialNumber" type="string" column="serial_number" length="255" nullable="true"/>
    <field name="createdDate" type="datetime" column="created_date" nullable="true"/>
    <many-to-one field="createdBy" target-entity="GcsUser">
      <join-columns>
        <join-column name="created_by" referenced-column-name="id"/>
      </join-columns>
    </many-to-one>
  </entity>
</doctrine-mapping>
