<?xml version="1.0" encoding="utf-8"?>
<doctrine-mapping xmlns="http://doctrine-project.org/schemas/orm/doctrine-mapping" xmlns:xsi="http://www.w3.org/2001/XMLSchema-instance" xsi:schemaLocation="http://doctrine-project.org/schemas/orm/doctrine-mapping http://doctrine-project.org/schemas/orm/doctrine-mapping.xsd">
  <entity name="Gcs\AdminBundle\Entity\GcsChat" table="gcs_chat">
    <indexes>
      <index name="user_id" columns="user_id"/>
      <index name="user_to" columns="user_to"/>
    </indexes>
    <id name="id" type="integer" column="id">
      <generator strategy="IDENTITY"/>
    </id>
    <field name="content" type="text" column="content" nullable="true"/>
    <field name="createdDate" type="datetime" column="created_date" nullable="true"/>
    <many-to-one field="userTo" target-entity="GcsUser">
      <join-columns>
        <join-column name="user_to" referenced-column-name="id"/>
      </join-columns>
    </many-to-one>
    <many-to-one field="user" target-entity="GcsUser">
      <join-columns>
        <join-column name="user_id" referenced-column-name="id"/>
      </join-columns>
    </many-to-one>
  </entity>
</doctrine-mapping>
