<?xml version="1.0" encoding="utf-8"?>
<doctrine-mapping xmlns="http://doctrine-project.org/schemas/orm/doctrine-mapping" xmlns:xsi="http://www.w3.org/2001/XMLSchema-instance" xsi:schemaLocation="http://doctrine-project.org/schemas/orm/doctrine-mapping http://doctrine-project.org/schemas/orm/doctrine-mapping.xsd">
  <entity name="Gcs\AdminBundle\Entity\GcsFirmwareFile" table="gcs_firmware_file">
    <indexes>
      <index name="IDX_C9C0FB1FD5ECD7C4" columns="firmware"/>
      <index name="IDX_C9C0FB1F7D5A55D2" columns="updatedby"/>
      <index name="IDX_C9C0FB1F46D262E0" columns="createdby"/>
    </indexes>
    <id name="id" type="integer" column="id">
      <generator strategy="IDENTITY"/>
    </id>
    <field name="filename" type="string" column="filename" length="255" nullable="true"/>
    <field name="filepath" type="string" column="filepath" length="255" nullable="true"/>
    <field name="filesize" type="integer" column="filesize" nullable="true"/>
    <field name="createddate" type="datetime" column="createddate" nullable="true"/>
    <field name="updateddate" type="datetime" column="updateddate" nullable="true"/>
    <field name="delif" type="integer" column="delif" nullable="true"/>
    <many-to-one field="firmware" target-entity="GcsFirmware">
      <join-columns>
        <join-column name="firmware" referenced-column-name="id"/>
      </join-columns>
    </many-to-one>
    <many-to-one field="updatedby" target-entity="GcsUser">
      <join-columns>
        <join-column name="updatedby" referenced-column-name="id"/>
      </join-columns>
    </many-to-one>
    <many-to-one field="createdby" target-entity="GcsUser">
      <join-columns>
        <join-column name="createdby" referenced-column-name="id"/>
      </join-columns>
    </many-to-one>
  </entity>
</doctrine-mapping>
