<?xml version="1.0" encoding="utf-8"?>
<doctrine-mapping xmlns="http://doctrine-project.org/schemas/orm/doctrine-mapping" xmlns:xsi="http://www.w3.org/2001/XMLSchema-instance" xsi:schemaLocation="http://doctrine-project.org/schemas/orm/doctrine-mapping http://doctrine-project.org/schemas/orm/doctrine-mapping.xsd">
  <entity name="Gcs\AdminBundle\Entity\GcsFirmware" table="gcs_firmware">
    <indexes>
      <index name="IDX_EE720B407D5A55D2" columns="updatedby"/>
      <index name="IDX_EE720B4046D262E0" columns="createdby"/>
    </indexes>
    <id name="id" type="integer" column="id">
      <generator strategy="IDENTITY"/>
    </id>
    <field name="version" type="string" column="version" length="255" nullable="true"/>
    <field name="description" type="string" column="description" length="255" nullable="true"/>
    <field name="createddate" type="datetime" column="createddate" nullable="true"/>
    <field name="updateddate" type="datetime" column="updateddate" nullable="true"/>
    <field name="delif" type="integer" column="delif" nullable="false"/>
    <many-to-one field="updatedby" target-entity="GcsUser">
      <join-columns>
        <join-column name="updatedby" referenced-column-name="id"/>
      </join-columns>
    </many-to-one>
    <many-to-one field="createdby" target-entity="GcsUser">
      <join-columns>
        <join-column name="createdby" referenced-column-name="id"/>
      </join-columns>
    </many-to-one>
  </entity>
</doctrine-mapping>
