<?xml version="1.0" encoding="utf-8"?>
<doctrine-mapping xmlns="http://doctrine-project.org/schemas/orm/doctrine-mapping" xmlns:xsi="http://www.w3.org/2001/XMLSchema-instance" xsi:schemaLocation="http://doctrine-project.org/schemas/orm/doctrine-mapping http://doctrine-project.org/schemas/orm/doctrine-mapping.xsd">
  <entity name="Gcs\AdminBundle\Entity\GcsFirmwareStation" table="gcs_firmware_station">
    <indexes>
      <index name="IDX_11E55AAF9F39F8B1" columns="station"/>
      <index name="IDX_11E55AAFD5ECD7C4" columns="firmware"/>
    </indexes>
    <id name="id" type="integer" column="id">
      <generator strategy="IDENTITY"/>
    </id>
    <field name="createdby" type="integer" column="createdby" nullable="true"/>
    <field name="createddate" type="datetime" column="createddate" nullable="true"/>
    <field name="updatedby" type="integer" column="updatedby" nullable="true"/>
    <field name="updateddate" type="datetime" column="updateddate" nullable="true"/>
    <field name="delif" type="integer" column="delif" nullable="true"/>
    <many-to-one field="station" target-entity="GcsStation">
      <join-columns>
        <join-column name="station" referenced-column-name="id"/>
      </join-columns>
    </many-to-one>
    <many-to-one field="firmware" target-entity="GcsFirmware">
      <join-columns>
        <join-column name="firmware" referenced-column-name="id"/>
      </join-columns>
    </many-to-one>
  </entity>
</doctrine-mapping>
