<?xml version="1.0" encoding="utf-8"?>
<doctrine-mapping xmlns="http://doctrine-project.org/schemas/orm/doctrine-mapping" xmlns:xsi="http://www.w3.org/2001/XMLSchema-instance" xsi:schemaLocation="http://doctrine-project.org/schemas/orm/doctrine-mapping http://doctrine-project.org/schemas/orm/doctrine-mapping.xsd">
  <entity name="Gcs\AdminBundle\Entity\GcsModelDetail" table="gcs_model_detail">
    <indexes>
      <index name="model_id" columns="model_id"/>
    </indexes>
    <id name="id" type="integer" column="id">
      <generator strategy="IDENTITY"/>
    </id>
    <field name="code" type="string" column="code" length="255" nullable="true"/>
    <field name="code2" type="string" column="code2" length="255" nullable="true"/>
    <field name="capacity" type="integer" column="capacity" nullable="true"/>
    <many-to-one field="model" target-entity="GcsModel">
      <join-columns>
        <join-column name="model_id" referenced-column-name="id"/>
      </join-columns>
    </many-to-one>
  </entity>
</doctrine-mapping>
