<?xml version="1.0" encoding="utf-8"?>
<doctrine-mapping xmlns="http://doctrine-project.org/schemas/orm/doctrine-mapping" xmlns:xsi="http://www.w3.org/2001/XMLSchema-instance" xsi:schemaLocation="http://doctrine-project.org/schemas/orm/doctrine-mapping http://doctrine-project.org/schemas/orm/doctrine-mapping.xsd">
  <entity name="Gcs\AdminBundle\Entity\GcsStationCreditTracking" table="gcs_station_credit_tracking">
    <indexes>
      <index name="IDX_D483329DE12AB56" columns="created_by"/>
      <index name="IDX_D4833294C8241E2" columns="station_credit_id"/>
    </indexes>
    <id name="id" type="integer" column="id">
      <generator strategy="IDENTITY"/>
    </id>
    <field name="creditQty" type="float" column="credit_qty" precision="10" scale="0" nullable="true"/>
    <field name="action" type="string" column="action" length="25" nullable="true"/>
    <field name="note" type="text" column="note" nullable="false"/>
    <field name="createdDate" type="datetime" column="created_date" nullable="true"/>
    <field name="licenseStatus" type="integer" column="license_status" nullable="true"/>
    <field name="licenseId" type="integer" column="license_id" nullable="true"/>
    <many-to-one field="createdBy" target-entity="GcsUser">
      <join-columns>
        <join-column name="created_by" referenced-column-name="id"/>
      </join-columns>
    </many-to-one>
    <many-to-one field="stationCredit" target-entity="GcsStationCredit">
      <join-columns>
        <join-column name="station_credit_id" referenced-column-name="id"/>
      </join-columns>
    </many-to-one>
  </entity>
</doctrine-mapping>
