<?xml version="1.0" encoding="utf-8"?>
<doctrine-mapping xmlns="http://doctrine-project.org/schemas/orm/doctrine-mapping" xmlns:xsi="http://www.w3.org/2001/XMLSchema-instance" xsi:schemaLocation="http://doctrine-project.org/schemas/orm/doctrine-mapping http://doctrine-project.org/schemas/orm/doctrine-mapping.xsd">
  <entity name="Gcs\AdminBundle\Entity\GcsSiteSetting" table="gcs_site_setting">
    <indexes>
      <index name="user_id" columns="user_id"/>
      <index name="site_id" columns="site_id"/>
    </indexes>
    <id name="id" type="integer" column="id">
      <generator strategy="IDENTITY"/>
    </id>
    <field name="lastSelected" type="boolean" column="last_selected" nullable="false"/>
    <many-to-one field="site" target-entity="GcsSite">
      <join-columns>
        <join-column name="site_id" referenced-column-name="id"/>
      </join-columns>
    </many-to-one>
    <many-to-one field="user" target-entity="GcsUser">
      <join-columns>
        <join-column name="user_id" referenced-column-name="id"/>
      </join-columns>
    </many-to-one>
  </entity>
</doctrine-mapping>
