<?xml version="1.0" encoding="utf-8"?>
<doctrine-mapping xmlns="http://doctrine-project.org/schemas/orm/doctrine-mapping" xmlns:xsi="http://www.w3.org/2001/XMLSchema-instance" xsi:schemaLocation="http://doctrine-project.org/schemas/orm/doctrine-mapping http://doctrine-project.org/schemas/orm/doctrine-mapping.xsd">
  <entity name="Gcs\AdminBundle\Entity\GcsTimezone" table="gcs_timezone">
    <indexes>
      <index name="idx_zone_id" columns="zone_id"/>
      <index name="idx_time_start" columns="time_start"/>
    </indexes>
    <id name="id" type="integer" column="id">
      <generator strategy="IDENTITY"/>
    </id>
    <field name="zoneId" type="integer" column="zone_id" nullable="false"/>
    <field name="abbreviation" type="string" column="abbreviation" length="6" nullable="false"/>
    <field name="timeStart" type="integer" column="time_start" nullable="false"/>
    <field name="gmtOffset" type="integer" column="gmt_offset" nullable="false"/>
    <field name="dst" type="string" column="dst" length="1" nullable="false"/>
  </entity>
</doctrine-mapping>
