<?xml version="1.0" encoding="utf-8"?>
<doctrine-mapping xmlns="http://doctrine-project.org/schemas/orm/doctrine-mapping" xmlns:xsi="http://www.w3.org/2001/XMLSchema-instance" xsi:schemaLocation="http://doctrine-project.org/schemas/orm/doctrine-mapping http://doctrine-project.org/schemas/orm/doctrine-mapping.xsd">
  <entity name="Gcs\AdminBundle\Entity\GcsUser" table="gcs_user">
    <indexes>
      <index name="IDX_9E700E933801DACC" columns="salesmanid"/>
      <index name="IDX_9E700E9346D262E0" columns="createdby"/>
      <index name="IDX_9E700E937805AC12" columns="groupid"/>
      <index name="IDX_9E700E937D5A55D2" columns="updatedby"/>
      <index name="IDX_9E700E93F92F3E70" columns="country_id"/>
      <index name="type" columns="type"/>
      <index name="gcs_user_ibfk_2" columns="parent_id"/>
    </indexes>
    <id name="id" type="integer" column="id">
      <generator strategy="IDENTITY"/>
    </id>
    <field name="roles" type="text" column="roles" nullable="true"/>
    <field name="firstname" type="string" column="firstname" length="255" nullable="true"/>
    <field name="lastname" type="string" column="lastname" length="255" nullable="true"/>
    <field name="name" type="string" column="name" length="255" nullable="false"/>
    <field name="username" type="string" column="username" length="255" nullable="false"/>
    <field name="usernameCanonical" type="string" column="username_canonical" length="255" nullable="false"/>
    <field name="email" type="string" column="email" length="255" nullable="false"/>
    <field name="emailCanonical" type="string" column="email_canonical" length="255" nullable="false"/>
    <field name="companyName" type="string" column="company_name" length="255" nullable="true"/>
    <field name="password" type="string" column="password" length="255" nullable="false"/>
    <field name="salt" type="string" column="salt" length="255" nullable="false"/>
    <field name="enabled" type="boolean" column="enabled" nullable="false"/>
    <field name="delif" type="integer" column="delif" nullable="true"/>
    <field name="lastLogin" type="datetime" column="last_login" nullable="true"/>
    <field name="expired" type="boolean" column="expired" nullable="false"/>
    <field name="expiresAt" type="datetime" column="expires_at" nullable="true"/>
    <field name="confirmationToken" type="string" column="confirmation_token" length="255" nullable="true"/>
    <field name="passwordRequestedAt" type="datetime" column="password_requested_at" nullable="true"/>
    <field name="credentialsExpired" type="boolean" column="credentials_expired" nullable="true"/>
    <field name="credentialsExpireAt" type="datetime" column="credentials_expire_at" nullable="true"/>
    <field name="locked" type="boolean" column="locked" nullable="false"/>
    <field name="createddate" type="datetime" column="createddate" nullable="true"/>
    <field name="updateddate" type="datetime" column="updateddate" nullable="true"/>
    <field name="comment" type="text" column="comment" nullable="true"/>
    <field name="phone" type="string" column="phone" length="255" nullable="true"/>
    <field name="address" type="string" column="address" length="255" nullable="true"/>
    <field name="website" type="string" column="website" length="255" nullable="true"/>
    <field name="about" type="string" column="about" length="500" nullable="true"/>
    <field name="interest" type="string" column="interest" length="255" nullable="true"/>
    <field name="avatar" type="string" column="avatar" length="500" nullable="true"/>
    <field name="birthdate" type="datetime" column="birthdate" nullable="true"/>
    <field name="occupation" type="string" column="occupation" length="255" nullable="true"/>
    <field name="level" type="integer" column="level" nullable="false"/>
    <field name="city" type="string" column="city" length="255" nullable="true"/>
    <field name="salesman" type="string" column="salesman" length="255" nullable="true"/>
    <field name="status" type="boolean" column="status" nullable="true"/>
    <field name="plainPassword" type="string" column="plain_password" length="255" nullable="true"/>
    <field name="confirmationAt" type="datetime" column="confirmation_at" nullable="true"/>
    <many-to-one field="type" target-entity="GcsUserType">
      <join-columns>
        <join-column name="type" referenced-column-name="id"/>
      </join-columns>
    </many-to-one>
    <many-to-one field="parent" target-entity="GcsUser">
      <join-columns>
        <join-column name="parent_id" referenced-column-name="id"/>
      </join-columns>
    </many-to-one>
    <many-to-one field="country" target-entity="GcsCountry">
      <join-columns>
        <join-column name="country_id" referenced-column-name="country_id"/>
      </join-columns>
    </many-to-one>
    <many-to-one field="updatedby" target-entity="GcsUser">
      <join-columns>
        <join-column name="updatedby" referenced-column-name="id"/>
      </join-columns>
    </many-to-one>
    <many-to-one field="createdby" target-entity="GcsUser">
      <join-columns>
        <join-column name="createdby" referenced-column-name="id"/>
      </join-columns>
    </many-to-one>
    <many-to-one field="groupid" target-entity="GcsGroup">
      <join-columns>
        <join-column name="groupid" referenced-column-name="id"/>
      </join-columns>
    </many-to-one>
    <many-to-one field="salesmanid" target-entity="GcsUser">
      <join-columns>
        <join-column name="salesmanid" referenced-column-name="id"/>
      </join-columns>
    </many-to-one>
    <many-to-many field="role" target-entity="GcsRole" inversed-by="user">
      <join-table name="user_role">
        <join-columns>
          <join-column name="user_id" referenced-column-name="id"/>
        </join-columns>
        <inverse-join-columns>
          <join-column name="role_id" referenced-column-name="id"/>
        </inverse-join-columns>
      </join-table>
    </many-to-many>
  </entity>
</doctrine-mapping>
