<?xml version="1.0" encoding="utf-8"?>
<doctrine-mapping xmlns="http://doctrine-project.org/schemas/orm/doctrine-mapping" xmlns:xsi="http://www.w3.org/2001/XMLSchema-instance" xsi:schemaLocation="http://doctrine-project.org/schemas/orm/doctrine-mapping http://doctrine-project.org/schemas/orm/doctrine-mapping.xsd">
  <entity name="Gcs\AdminBundle\Entity\GcsZone" table="gcs_zone">
    <indexes>
      <index name="idx_zone_name" columns="zone_name"/>
    </indexes>
    <id name="zoneId" type="integer" column="zone_id">
      <generator strategy="IDENTITY"/>
    </id>
    <field name="countryCode" type="string" column="country_code" length="2" nullable="false"/>
    <field name="zoneName" type="string" column="zone_name" length="35" nullable="false"/>
  </entity>
</doctrine-mapping>
