<?xml version="1.0" encoding="utf-8"?>
<doctrine-mapping xmlns="http://doctrine-project.org/schemas/orm/doctrine-mapping" xmlns:xsi="http://www.w3.org/2001/XMLSchema-instance" xsi:schemaLocation="http://doctrine-project.org/schemas/orm/doctrine-mapping http://doctrine-project.org/schemas/orm/doctrine-mapping.xsd">
  <entity name="Gcs\AdminBundle\Entity\IrsaBrand" table="irsa_brand">
    <id name="id" type="integer" column="id">
      <generator strategy="IDENTITY"/>
    </id>
    <field name="brand" type="string" column="brand" length="255" nullable="true"/>
    <field name="brandCode" type="string" column="brand_code" length="255" nullable="true"/>
    <field name="delIf" type="integer" column="del_if" nullable="true"/>
  </entity>
</doctrine-mapping>
