<?xml version="1.0" encoding="utf-8"?>
<doctrine-mapping xmlns="http://doctrine-project.org/schemas/orm/doctrine-mapping" xmlns:xsi="http://www.w3.org/2001/XMLSchema-instance" xsi:schemaLocation="http://doctrine-project.org/schemas/orm/doctrine-mapping http://doctrine-project.org/schemas/orm/doctrine-mapping.xsd">
  <entity name="Gcs\AdminBundle\Entity\IrsaMobilemodelTmp" table="irsa_mobilemodel_tmp">
    <id name="id" type="integer" column="id">
      <generator strategy="IDENTITY"/>
    </id>
    <field name="modelname" type="string" column="modelname" length="255" nullable="true"/>
    <field name="producttype" type="string" column="producttype" length="255" nullable="true"/>
    <field name="model" type="string" column="model" length="255" nullable="true"/>
    <field name="model2" type="string" column="model2" length="255" nullable="true"/>
    <field name="program" type="string" column="program" length="100" nullable="true"/>
    <field name="color" type="string" column="color" length="255" nullable="true"/>
    <field name="capacity" type="integer" column="capacity" nullable="true"/>
    <field name="modelcode" type="string" column="modelcode" length="255" nullable="true"/>
    <field name="cemodel" type="string" column="cemodel" length="255" nullable="true"/>
    <field name="delif" type="integer" column="delif" nullable="true"/>
    <field name="brand" type="integer" column="brand" nullable="true"/>
  </entity>
</doctrine-mapping>
