<?xml version="1.0" encoding="utf-8"?>
<doctrine-mapping xmlns="http://doctrine-project.org/schemas/orm/doctrine-mapping" xmlns:xsi="http://www.w3.org/2001/XMLSchema-instance" xsi:schemaLocation="http://doctrine-project.org/schemas/orm/doctrine-mapping http://doctrine-project.org/schemas/orm/doctrine-mapping.xsd">
  <entity name="Gcs\AdminBundle\Entity\IzapCarrierTmp" table="izap_carrier_tmp">
    <id name="id" type="integer" column="id">
      <generator strategy="IDENTITY"/>
    </id>
    <field name="carrier" type="string" column="carrier" length="255" nullable="true"/>
    <field name="carrierCode" type="string" column="carrier_code" length="255" nullable="true"/>
    <field name="value" type="float" column="value" precision="20" scale="2" nullable="true"/>
    <field name="delif" type="integer" column="delif" nullable="true"/>
  </entity>
</doctrine-mapping>
