<?xml version="1.0" encoding="utf-8"?>
<doctrine-mapping xmlns="http://doctrine-project.org/schemas/orm/doctrine-mapping" xmlns:xsi="http://www.w3.org/2001/XMLSchema-instance" xsi:schemaLocation="http://doctrine-project.org/schemas/orm/doctrine-mapping http://doctrine-project.org/schemas/orm/doctrine-mapping.xsd">
  <entity name="Gcs\AdminBundle\Entity\IzapCountry" table="izap_country">
    <id name="id" type="integer" column="id">
      <generator strategy="IDENTITY"/>
    </id>
    <field name="code" type="string" column="code" length="255" nullable="true"/>
    <field name="country" type="string" column="country" length="255" nullable="true"/>
    <field name="deduction" type="float" column="deduction" precision="20" scale="2" nullable="true"/>
    <field name="delif" type="integer" column="delif" nullable="true"/>
  </entity>
</doctrine-mapping>
