<?xml version="1.0" encoding="utf-8"?>
<doctrine-mapping xmlns="http://doctrine-project.org/schemas/orm/doctrine-mapping" xmlns:xsi="http://www.w3.org/2001/XMLSchema-instance" xsi:schemaLocation="http://doctrine-project.org/schemas/orm/doctrine-mapping http://doctrine-project.org/schemas/orm/doctrine-mapping.xsd">
  <entity name="Gcs\AdminBundle\Entity\IzapModelFunctionTmp" table="izap_model_function_tmp">
    <id name="id" type="integer" column="id">
      <generator strategy="IDENTITY"/>
    </id>
    <field name="modelId" type="integer" column="model_id" nullable="true"/>
    <field name="functionId" type="integer" column="function_id" nullable="true"/>
    <field name="delif" type="integer" column="delif" nullable="true"/>
    <field name="partvalue" type="float" column="partvalue" precision="20" scale="2" nullable="true"/>
    <field name="partcost" type="float" column="partcost" precision="20" scale="2" nullable="true"/>
    <field name="userId" type="integer" column="user_id" nullable="true"/>
    <field name="sync" type="integer" column="sync" nullable="true"/>
  </entity>
</doctrine-mapping>
