<?xml version="1.0" encoding="utf-8"?>
<doctrine-mapping xmlns="http://doctrine-project.org/schemas/orm/doctrine-mapping" xmlns:xsi="http://www.w3.org/2001/XMLSchema-instance" xsi:schemaLocation="http://doctrine-project.org/schemas/orm/doctrine-mapping http://doctrine-project.org/schemas/orm/doctrine-mapping.xsd">
  <entity name="Gcs\AdminBundle\Entity\IzapFunctionTestTmp" table="izap_function_test_tmp">
    <id name="id" type="integer" column="id">
      <generator strategy="IDENTITY"/>
    </id>
    <field name="function" type="string" column="function" length="25" nullable="true"/>
    <field name="alias" type="string" column="alias" length="25" nullable="true"/>
    <field name="delif" type="boolean" column="delif" nullable="true"/>
    <field name="failure" type="string" column="failure" length="10" nullable="true"/>
    <field name="repairlevel" type="string" column="repairlevel" length="10" nullable="true"/>
  </entity>
</doctrine-mapping>
