<?xml version="1.0" encoding="utf-8"?>
<doctrine-mapping xmlns="http://doctrine-project.org/schemas/orm/doctrine-mapping" xmlns:xsi="http://www.w3.org/2001/XMLSchema-instance" xsi:schemaLocation="http://doctrine-project.org/schemas/orm/doctrine-mapping http://doctrine-project.org/schemas/orm/doctrine-mapping.xsd">
  <entity name="Gcs\AdminBundle\Entity\IzapCustomerCredit" table="izap_customer_credit">
    <id name="id" type="integer" column="id">
      <generator strategy="IDENTITY"/>
    </id>
    <field name="customerId" type="integer" column="customer_id" nullable="false"/>
    <field name="createdBy" type="integer" column="created_by" nullable="true"/>
    <field name="updatedBy" type="integer" column="updated_by" nullable="true"/>
    <field name="action" type="string" column="action" length="25" nullable="true"/>
    <field name="note" type="string" column="note" length="255" nullable="true"/>
    <field name="updatedDate" type="datetime" column="updated_date" nullable="true"/>
    <field name="idCopy1" type="datetime" column="id_copy1" nullable="true"/>
    <field name="creditQty" type="float" column="credit_qty" precision="10" scale="0" nullable="true"/>
  </entity>
</doctrine-mapping>
