<?xml version="1.0" encoding="utf-8"?>
<doctrine-mapping xmlns="http://doctrine-project.org/schemas/orm/doctrine-mapping" xmlns:xsi="http://www.w3.org/2001/XMLSchema-instance" xsi:schemaLocation="http://doctrine-project.org/schemas/orm/doctrine-mapping http://doctrine-project.org/schemas/orm/doctrine-mapping.xsd">
  <entity name="Gcs\AdminBundle\Entity\Role" table="gcs_role">
    <unique-constraints>
      <unique-constraint name="UNIQ_448A52B057698A6A" columns="role"/>
    </unique-constraints>
    <id name="id" type="integer" column="id">
      <generator strategy="IDENTITY"/>
    </id>
    <field name="name" type="string" column="name" length="30" nullable="false"/>
    <field name="role" type="string" column="role" length="20" nullable="false"/>
    <many-to-many field="users" target-entity="User" mapped-by="roles"/>
  </entity>
</doctrine-mapping>
