<?xml version="1.0" encoding="utf-8"?>
<doctrine-mapping xmlns="http://doctrine-project.org/schemas/orm/doctrine-mapping" xmlns:xsi="http://www.w3.org/2001/XMLSchema-instance" xsi:schemaLocation="http://doctrine-project.org/schemas/orm/doctrine-mapping http://doctrine-project.org/schemas/orm/doctrine-mapping.xsd">
  <entity name="Gcs\AdminBundle\Entity\SellphoneMobileModel" table="sellphone_mobile_model">
    <indexes>
      <index name="cate_id" columns="cate_id"/>
      <index name="vendor_id" columns="vendor_id"/>
      <index name="model_capacity" columns="model_capacity"/>
    </indexes>
    <unique-constraints>
      <unique-constraint name="model_name" columns="model_name"/>
    </unique-constraints>
    <id name="id" type="integer" column="id">
      <generator strategy="IDENTITY"/>
    </id>
    <field name="modelName" type="string" column="model_name" length="255" nullable="true"/>
    <field name="delif" type="integer" column="delif" nullable="true"/>
    <field name="status" type="integer" column="status" nullable="true"/>
    <many-to-one field="modelCapacity" target-entity="SellphoneCapacity">
      <join-columns>
        <join-column name="model_capacity" referenced-column-name="id"/>
      </join-columns>
    </many-to-one>
    <many-to-one field="vendor" target-entity="SellphoneVendor">
      <join-columns>
        <join-column name="vendor_id" referenced-column-name="id"/>
      </join-columns>
    </many-to-one>
    <many-to-one field="cate" target-entity="SellphoneCategories">
      <join-columns>
        <join-column name="cate_id" referenced-column-name="id"/>
      </join-columns>
    </many-to-one>
  </entity>
</doctrine-mapping>
