<?xml version="1.0" encoding="utf-8"?>
<doctrine-mapping xmlns="http://doctrine-project.org/schemas/orm/doctrine-mapping" xmlns:xsi="http://www.w3.org/2001/XMLSchema-instance" xsi:schemaLocation="http://doctrine-project.org/schemas/orm/doctrine-mapping http://doctrine-project.org/schemas/orm/doctrine-mapping.xsd">
  <entity name="Gcs\AdminBundle\Entity\SellphoneDeviceInfo" table="sellphone_device_info">
    <indexes>
      <index name="model_id" columns="model_id"/>
      <index name="createdby" columns="createdby"/>
      <index name="customer_id" columns="customer_id"/>
      <index name="collection_hub" columns="collection_hub"/>
      <index name="carrier_id" columns="carrier_id"/>
    </indexes>
    <id name="id" type="integer" column="id">
      <generator strategy="IDENTITY"/>
    </id>
    <field name="transactionId" type="string" column="transaction_id" length="255" nullable="false"/>
    <field name="eraseStatus" type="boolean" column="erase_status" nullable="true"/>
    <field name="eraseTime" type="integer" column="erase_time" nullable="true"/>
    <field name="price" type="float" column="price" precision="20" scale="2" nullable="true"/>
    <field name="signature" type="string" column="signature" length="255" nullable="true"/>
    <field name="certificateNumber" type="string" column="certificate_number" length="255" nullable="true"/>
    <field name="logcode" type="string" column="logcode" length="255" nullable="true"/>
    <field name="syncStatus" type="integer" column="sync_status" nullable="true"/>
    <field name="buyStatus" type="integer" column="buy_status" nullable="true"/>
    <field name="delif" type="boolean" column="delif" nullable="true"/>
    <field name="createddate" type="datetime" column="createddate" nullable="true"/>
    <field name="createdby" type="integer" column="createdby" nullable="true"/>
    <field name="params" type="text" column="params" nullable="true"/>
    <field name="serialNumber" type="string" column="serial_number" length="100" nullable="true"/>
    <field name="updateddate" type="datetime" column="updateddate" nullable="true"/>
    <field name="updatedby" type="integer" column="updatedby" nullable="true"/>
    <field name="shapeStatus" type="string" column="shape_status" length="233" nullable="true"/>
    <field name="info" type="text" column="info" nullable="true"/>
    <field name="filename" type="string" column="filename" length="500" nullable="true"/>
    <many-to-one field="carrier" target-entity="SellphoneCarrier">
      <join-columns>
        <join-column name="carrier_id" referenced-column-name="id"/>
      </join-columns>
    </many-to-one>
    <many-to-one field="collectionHub" target-entity="SellphoneCollectionHub">
      <join-columns>
        <join-column name="collection_hub" referenced-column-name="id"/>
      </join-columns>
    </many-to-one>
    <many-to-one field="customer" target-entity="SellphoneCustomer">
      <join-columns>
        <join-column name="customer_id" referenced-column-name="id"/>
      </join-columns>
    </many-to-one>
    <many-to-one field="model" target-entity="SellphoneMobileModel">
      <join-columns>
        <join-column name="model_id" referenced-column-name="id"/>
      </join-columns>
    </many-to-one>
  </entity>
</doctrine-mapping>
