<?xml version="1.0" encoding="utf-8"?>
<doctrine-mapping xmlns="http://doctrine-project.org/schemas/orm/doctrine-mapping" xmlns:xsi="http://www.w3.org/2001/XMLSchema-instance" xsi:schemaLocation="http://doctrine-project.org/schemas/orm/doctrine-mapping http://doctrine-project.org/schemas/orm/doctrine-mapping.xsd">
  <entity name="Gcs\AdminBundle\Entity\SellphonePriceWorking" table="sellphone_price_working">
    <indexes>
      <index name="IDX_AE4EBF8F7975B7E7" columns="model_id"/>
    </indexes>
    <id name="id" type="integer" column="id">
      <generator strategy="IDENTITY"/>
    </id>
    <field name="level1" type="float" column="level1" precision="10" scale="0" nullable="true"/>
    <field name="level2" type="float" column="level2" precision="10" scale="0" nullable="true"/>
    <field name="level3" type="float" column="level3" precision="10" scale="0" nullable="true"/>
    <field name="delif" type="integer" column="delif" nullable="true"/>
    <field name="marketPriceRmb" type="float" column="market_price_rmb" precision="10" scale="0" nullable="true"/>
    <field name="sync" type="integer" column="sync" nullable="true"/>
    <field name="logisticCost" type="float" column="logistic_cost" precision="10" scale="0" nullable="true"/>
    <many-to-one field="model" target-entity="SellphoneMobileModel">
      <join-columns>
        <join-column name="model_id" referenced-column-name="id"/>
      </join-columns>
    </many-to-one>
  </entity>
</doctrine-mapping>
