<?xml version="1.0" encoding="utf-8"?>
<doctrine-mapping xmlns="http://doctrine-project.org/schemas/orm/doctrine-mapping" xmlns:xsi="http://www.w3.org/2001/XMLSchema-instance" xsi:schemaLocation="http://doctrine-project.org/schemas/orm/doctrine-mapping http://doctrine-project.org/schemas/orm/doctrine-mapping.xsd">
  <entity name="Gcs\AdminBundle\Entity\User" repository-class="Gcs\AdminBundle\Entity\UserRepository" table="gcs_user">
    <unique-constraints>
      <unique-constraint name="UNIQ_72967DFBF85E0677" columns="username"/>
      <unique-constraint name="UNIQ_72967DFBE7927C74" columns="email"/>
    </unique-constraints>
    <id name="id" type="integer" column="id">
      <generator strategy="IDENTITY"/>
    </id>
    <field name="username" type="string" column="username" length="25" nullable="false"/>
    <field name="password" type="string" column="password" length="512" nullable="false"/>
    <field name="email" type="string" column="email" length="60" nullable="false"/>
    <field name="enabled" type="boolean" column="enabled" nullable="false"/>
    <field name="salt" type="string" column="salt" length="512" nullable="false"/>
    <many-to-many field="roles" target-entity="Role" inversed-by="users">
      <join-table name="user_role">
        <join-columns>
          <join-column name="user_id" referenced-column-name="id"/>
        </join-columns>
        <inverse-join-columns>
          <join-column name="role_id" referenced-column-name="id"/>
        </inverse-join-columns>
      </join-table>
    </many-to-many>
    <!--<many-to-many field="roles" target-entity="Role" inversed-by="users"/>-->
  </entity>
</doctrine-mapping>
